{
    "accuracy": 0.6857142857142857,
    "precision": 0.7261810019385777,
    "recall": 0.6378178335074888,
    "f1_score": 0.6620651070763727
}