{
    "accuracy": 0.75,
    "precision": 0.749670148433205,
    "recall": 0.75,
    "f1_score": 0.7495073891625615
}